{
  "CVaR": 0.02096966614973948,
  "VaR": 0.018772174315780384,
  "alpha": 0.99,
  "mc_paths": 3000,
  "run_id": "20260209T183326Z",
  "seed": 9,
  "tickers": [
    "SPY"
  ],
  "weights": [
    1.0
  ]
}