{
  "CVaR": 0.02183821303489107,
  "VaR": 0.019229334105431085,
  "alpha": 0.99,
  "mc_paths": 3000,
  "run_id": "20260209T134703Z",
  "seed": 9,
  "tickers": [
    "SPY"
  ],
  "weights": [
    1.0
  ]
}