{
  "binomial": {
    "max_sec": 0.006079626999962784,
    "mean_sec": 0.005706763999986227,
    "min_sec": 0.005178094000029887,
    "repeat": 3,
    "steps": 1000,
    "timings_sec": [
      0.006079626999962784,
      0.005178094000029887,
      0.00586257099996601
    ]
  },
  "black_scholes": {
    "max_sec": 5.07100003233063e-06,
    "mean_sec": 3.7109999766471446e-06,
    "min_sec": 2.5699999923745054e-06,
    "repeat": 3,
    "timings_sec": [
      5.07100003233063e-06,
      3.4919999052362982e-06,
      2.5699999923745054e-06
    ]
  },
  "gpu_backend": "cupy",
  "mc_cpu": {
    "max_sec": 0.006996191999974144,
    "mean_sec": 0.005485316333344296,
    "min_sec": 0.004391142000031323,
    "repeat": 3,
    "timings_sec": [
      0.006996191999974144,
      0.004391142000031323,
      0.005068615000027421
    ]
  },
  "mc_gpu": {
    "available": true,
    "device": "Tesla T4",
    "max_sec": 2.0775096220000933,
    "mean_sec": 0.6933256210000612,
    "min_sec": 0.0009329740000794118,
    "reason": null,
    "repeat": 3,
    "timings_sec": [
      2.0775096220000933,
      0.0015342670000109138,
      0.0009329740000794118
    ]
  },
  "selected_backend": "gpu"
}