model,avg_var,avg_cvar,breach_rate,breach_gap,exceedance_severity,cvar_stability_proxy,n_obs,n_breaches
Historical Simulation,0.016231,0.018748,0.037037,0.027037,0.005207,0.001666,189,7
Parametric Normal,0.016414,0.018950,0.031746,0.021746,0.006153,0.001046,189,6
EWMA + Monte Carlo,0.017063,0.019541,0.015873,0.005873,0.008273,0.001979,189,3
